feature,pearson,spearman,kendall,f_score,p_value,p_fdr,mi_score,variance,lasso_coef,rf_importance,lasso_selected,rank_pearson,rank_spearman,rank_f,rank_mi,rank_rf,avg_rank
feat_50,0.16428309279054676,0.2089613820016138,0.14609404940494047,277.3199375505218,1.930217951424209e-61,0.8195280851509625,0.1753953933566228,0.08378400989995648,0.033449777690193756,0.06424287081912199,False,1.0,1.0,1.0,1.0,2.0,1.2
feat_137,0.15815487914957155,0.19748260389082606,0.13734605460546054,256.49534125492505,5.0864647989449264e-57,0.6875304621025001,0.15883148159201887,0.08293377880717989,0.032062186582616954,0.06426245546303923,False,2.0,2.0,2.0,2.0,1.0,1.8
feat_69,0.0774759549685196,0.11414282671342826,0.07877895789578956,60.37563712223192,8.608222527464063e-15,0.9530292132402461,0.09240945056029837,0.08470114546542985,0.014299993305565436,0.009590314951713351,False,4.0,3.0,4.0,3.0,4.0,3.6
feat_136,0.13273096251351835,0.10340805423808054,0.06965008500850085,179.29864445741833,1.5395699493001916e-40,0.31563879035254144,0.030938619171291037,0.08264035969927863,0.02617097731357646,0.03491850117147464,False,3.0,5.0,3.0,6.0,3.0,4.0
feat_186,0.0713861919307091,0.1107611706516117,0.07683468346834682,51.210660940911005,8.879470600782404e-13,0.7856547499421406,0.09183074568225891,0.0834101662060615,0.012250941855302762,0.009192463204491713,False,5.0,4.0,5.0,4.0,5.0,4.6
feat_149,0.04285835569394793,0.03079132069991321,0.023547234723472345,18.39850794112419,1.8088268110106673e-05,0.7218683814021819,0.043882202942577386,0.08385247312823402,0.0061185148884131185,0.00822030085737281,True,7.0,12.0,7.0,5.0,7.0,7.6
feat_117,0.04149455306804627,0.03543057162630572,0.02365152515251525,17.244226821420327,3.314249613940227e-05,0.47687742236049185,0.004552814324140009,0.08360873771954187,0.004279253824833691,0.005170874368020976,False,8.0,8.0,8.0,69.0,10.0,20.6
feat_172,0.02048417827892747,0.02078945528789455,0.013909750975097508,4.196937436003724,0.04052310624576597,0.39489665665865215,0.030167208144052715,0.08275300101462917,0.0012756366295505568,0.008404247277349413,False,33.0,33.0,33.0,7.0,6.0,22.4
feat_61,0.024262039745781536,0.022076968672769686,0.014697749774977497,5.888754828460377,0.015255429288834011,0.5355365360484112,0.011358288926555993,3.9944675038807818,0.000914552213135975,0.003772364553064599,False,20.0,27.0,20.0,19.0,28.0,22.8
feat_58,0.03251862335692679,0.03272051646320517,0.021768616861686168,10.58368556185601,0.0011446872232304206,0.31563879035254144,0.008620598664159651,4.045921591683445,0.000952960097561332,0.0034090057266100457,False,10.0,10.0,10.0,34.0,63.0,25.4
feat_84,0.02669525931200209,0.026981575745815754,0.018044604460446045,7.130024541981608,0.007592629078385801,0.7856547499421406,0.00423765005650889,4.08239694367265,0.0,0.0035971795827946583,False,14.0,16.0,14.0,75.0,42.0,32.2
feat_5,0.02506222491491305,0.02906036789060368,0.0194010201020102,6.283841922730321,0.012200107907270798,0.14519833371032062,0.008897666151991501,3.989019977245483,0.0,0.00311488745319031,False,18.0,15.0,18.0,30.0,119.0,40.0
feat_262,0.020235034076864045,0.025922878375228782,0.017318451845184518,4.0954240261243715,0.04302598963436121,0.7218683814021819,0.003875391526034555,4.077475606067803,0.0,0.00375498719004174,False,35.0,18.0,35.0,81.0,31.0,40.0
feat_26,0.02163149761827383,0.017781967593819673,0.011851745174517451,4.680471142678824,0.030530995182344964,0.9705490168218343,0.0053900014476981895,4.047349396021229,0.0006818635095522626,0.0035362773437637423,False,25.0,51.0,25.0,60.0,47.0,41.6
feat_123,0.017424098584854414,0.019226414616264145,0.012953255325532553,3.036306736855439,0.08145171376034353,0.5355365360484112,0.006131876044590534,4.11023171232781,0.0,0.005407322938372536,False,56.0,40.0,56.0,56.0,9.0,43.4
feat_72,0.020859284297781854,0.02285201114452011,0.01518215821582158,4.352120844849458,0.03698817131014986,0.8391551524232619,0.006816773349208383,4.028981366881804,0.0,0.0032502213832081377,False,30.0,24.0,30.0,50.0,91.0,45.0
feat_258,0.022613514670354006,0.022086911200869114,0.014728472847284728,5.115303533488899,0.023737101939652585,0.31563879035254144,0.00669947199151899,3.9933443353696148,0.0009027498342908291,0.003205065856194327,False,24.0,26.0,24.0,51.0,102.0,45.4
feat_14,0.021066875177069535,0.02585224235452242,0.01715203520352035,4.439214853084254,0.03514724054446781,0.9378756583393483,0.004499546845355695,3.890248276355303,0.0,0.003277748399418323,False,28.0,19.0,28.0,71.0,85.0,46.2
feat_44,0.04984347714261483,0.03959831121598311,0.02647164716471647,24.900615790208604,6.137987193299906e-07,0.3792331786902989,0.0,0.08228062442278118,0.006385861379883869,0.0051687612263373855,False,6.0,7.0,6.0,207.5,11.0,47.5
feat_22,0.01795111904648825,0.018369904179699043,0.012174777477747773,3.222820795256063,0.07264858149533103,0.566832251594663,0.008449071921724283,4.007245244401459,0.0,0.003334988967765426,False,47.0,47.0,47.0,35.0,73.0,49.8
feat_81,0.017111024078096945,0.023114649711146497,0.015488068806880686,2.9281431984093476,0.0870785727012088,0.5261355283012012,0.004142211866901668,4.01252183075453,0.0006006979746243527,0.0036699898281093574,False,60.0,23.0,60.0,76.0,33.0,50.4
feat_56,0.022950058668438154,0.014316374231163742,0.009455705570557055,5.268773608881707,0.021731908038115796,0.6875304621025001,0.002322495437029559,4.067611994318516,0.001368160459188681,0.003653304061531802,False,23.0,81.0,23.0,99.0,35.0,52.2
feat_79,0.02727296488489935,0.02519321497193215,0.016836683668366836,7.442194119645806,0.006382344338915193,0.9708177769689954,0.0,3.992277715004467,0.0009796728661422551,0.0039886696774190334,False,12.0,20.0,12.0,207.5,21.0,54.5
feat_171,0.020561300090870538,0.019333816417338168,0.01293085308530853,4.228612798352154,0.03977381126844268,0.9378756583393483,0.0020735581134143644,3.8656531755974175,0.0,0.003340936863717378,True,32.0,38.0,32.0,105.0,71.0,55.6
feat_110,0.026420530408433847,0.023729222601292226,0.015837783778377836,6.983923270493639,0.008237330319048969,0.8115437416392821,0.006525349394704172,4.097012290573939,0.0,0.002822446267173984,False,15.0,21.0,15.0,54.0,175.0,56.0
feat_203,0.013802290836732943,0.015800275310002755,0.010528292829282929,1.9050142283210958,0.16754899879664245,0.9378756583393483,0.007997919837677614,3.9684543835482735,0.0,0.004050652243754592,True,82.0,67.0,82.0,39.0,16.0,57.2
feat_98,0.013619682551781684,0.016971481993714815,0.011336813681368137,1.8549306183589114,0.17324170626809152,0.27000953456354815,0.010447668374827579,4.102479284527469,0.0,0.0037285753925741477,False,87.0,59.0,87.0,23.0,32.0,57.6
feat_30,0.02674231407462123,0.01850936699309367,0.012304670467046704,7.155200369222612,0.007486860092391383,0.523112627064098,0.0,4.051851220839184,0.00015700225045027833,0.0038605647417828703,False,13.0,45.0,13.0,207.5,26.0,60.9
feat_38,0.017724060786723634,0.014722240995222409,0.009793539353935392,3.141781989770248,0.07634083603895972,0.39489665665865215,0.004682050488216127,4.049813417824649,0.0,0.003420342028595506,False,51.0,78.0,51.0,68.0,60.0,61.6
feat_103,0.023623044203239484,0.030736696291366963,0.020414881488148812,5.582481371625474,0.018160039949896314,0.9991463638842285,0.00620100668997825,4.010903317891993,0.0,0.002659208982381058,False,22.0,13.0,22.0,55.0,207.0,63.8
feat_118,0.017975133509882515,0.011607763484077636,0.007784538453845384,3.231452135846355,0.07226677030706156,0.9509678945242441,0.0036776474117967695,4.068758059483636,0.0004716936426482735,0.0036214243018106015,False,46.0,111.0,46.0,83.0,36.0,64.4
feat_83,0.014665485820361623,0.01567811470878115,0.01044096409640964,2.1507971763973077,0.14252733740477605,0.8218979581884099,0.007970201874531568,3.969912197130794,0.0,0.0032928972454667957,False,73.0,69.0,73.0,40.0,79.0,66.8
feat_268,0.02039283141575918,0.01870035089500351,0.012537493749374937,4.159573828242722,0.041426054882593585,0.9300847111146623,0.0,4.06083501930245,0.0,0.00401150379237315,False,34.0,44.0,34.0,207.5,19.0,67.7
feat_66,0.017911159398122708,0.013892636778926368,0.00923012301230123,3.208484003156688,0.07328756671832172,0.7110961855615143,0.0032373545096344714,3.9974376274730985,0.0,0.003375785652847568,False,49.0,87.0,49.0,89.0,66.0,68.0
feat_231,0.012995908222583044,0.01213328322133283,0.008198099809980998,1.6888837597466828,0.19377814296374699,0.922852435997199,0.011842131844340464,3.9743961795072495,0.0,0.003616996167013401,False,93.0,104.0,93.0,18.0,38.0,69.2
feat_144,0.027417691307698482,0.03379830902598309,0.02257145714571457,7.521448603878625,0.006107716116482561,0.6627684633387947,0.0,4.172408600203458,0.0,0.003131296110363386,False,11.0,9.0,11.0,207.5,113.0,70.3
feat_85,0.020835418283935245,0.02277054913170549,0.01511147114711471,4.342163318086374,0.03720498682339503,0.8302104501507855,0.0,4.059789250202447,0.0,0.0034162548992757646,False,31.0,25.0,31.0,207.5,61.0,71.1
feat_173,0.021167522184705936,0.016990438597904386,0.011304170417041704,4.4817519380892525,0.03428321510385487,0.9730347944706608,0.0,4.082962987877789,0.0,0.003607170577914652,False,27.0,58.0,27.0,207.5,39.0,71.7
feat_215,0.025349731907312708,0.01712390484323905,0.011496029602960294,6.428935150906096,0.011242689798994536,0.9378756583393483,0.0,0.08398904129288433,0.002773931856436534,0.0033516103887137874,True,17.0,56.0,17.0,207.5,69.0,73.3
feat_130,0.013550189087989321,0.015643161780431618,0.01039207920792079,1.836046140023913,0.17544568559610893,0.6627684633387947,0.012475667228142306,4.001446739611745,0.00041468040279590753,0.0031549186168350423,False,88.0,70.0,88.0,13.0,108.0,73.4
feat_32,0.019066846398669714,0.017599326355993265,0.011656125612561255,3.6360410898599187,0.05656986567355305,0.31563879035254144,0.0,3.966405677724164,0.0,0.003954447501593019,False,41.0,55.0,41.0,207.5,23.0,73.5
feat_146,0.020147571309558358,0.019929433021848696,0.01331347886971686,4.060082534977537,0.04393506971940137,0.8761983826889831,0.000560567948332924,208.94280403040307,0.00029790997941351325,0.003030100678658201,False,38.0,36.0,38.0,131.0,134.0,75.4
feat_48,0.015923014766190145,0.01921385203213852,0.012839603960396039,2.53555977955454,0.11133901884504765,0.9509678945242441,0.00040333916343904264,4.146673699822445,0.0,0.0033240791184115125,False,63.0,41.0,63.0,137.0,76.0,76.0
feat_76,0.019522816212993302,0.023328402485284026,0.015545874587458744,3.8120941910826125,0.05091166200593671,0.9925281155814449,0.0,4.016453780148391,0.0,0.003326909738181814,False,39.0,22.0,39.0,207.5,75.0,76.5
feat_70,0.011569067895043667,0.01614473934544739,0.010791759175917591,1.3383447614595665,0.24735372338599207,0.9730347944706608,0.00878265514562937,4.082130971470815,0.0,0.0032865497733274318,False,107.0,65.0,107.0,32.0,83.0,78.8
feat_218,0.01882829973850864,0.020426401464264013,0.013623362336233623,3.5455966319659544,0.05973269847502876,0.9378756583393483,0.009380549332929533,4.239614823197717,0.0,0.0023975211595950096,False,43.0,34.0,43.0,28.0,247.0,79.0
feat_177,0.015888584058310565,0.013310525641105258,0.008915331533153315,2.5246034684060246,0.11211457248336969,0.6875304621025001,0.0006544616686419147,4.052095244786518,0.0,0.0035715678635017466,False,64.0,93.0,64.0,130.0,44.0,79.0
feat_18,0.017578646762738584,0.01982334909023349,0.013256565656565656,3.0904251710890005,0.07878482427556092,0.5436205265653906,0.0,4.160592130257643,0.0,0.003515023191677928,False,54.0,37.0,54.0,207.5,48.0,80.1
feat_181,0.018027983212623725,0.018930356817303567,0.012598139813981397,3.2504882060407954,0.07143228626111915,0.8218979581884099,0.0031751722393504878,4.107748714686875,0.0003271478702430181,0.002811669088755571,False,45.0,43.0,45.0,90.0,179.0,80.4
feat_53,0.01578570227270928,0.016881206784812065,0.01129080908090809,2.4920065647529905,0.11445739095668632,0.9509678945242441,0.005371620706162261,4.128535977117227,0.0,0.002917062977596088,False,65.0,61.0,65.0,61.0,157.0,81.8
feat_208,0.02156569213265373,0.02681569324015693,0.017987038703870386,4.652024172558802,0.03104071241360939,0.8195280851509625,0.0,4.032162287617493,0.0,0.0030277842504168226,False,26.0,17.0,26.0,207.5,135.0,82.3
feat_199,0.017910552810495414,0.013925487055254872,0.009365176517651765,3.2082666170885683,0.07329730182179865,0.6268239468215744,0.0,4.017826770233163,0.0,0.003958374299628377,False,50.0,85.0,50.0,207.5,22.0,82.9
feat_194,0.025936207543288382,0.03126184094461841,0.020903770377037702,6.730050460085118,0.009494023567817035,0.722846627657468,0.0,4.042548583489632,0.0,0.0028458908235994345,False,16.0,11.0,16.0,207.5,171.0,84.3
feat_237,0.0338101958599911,0.04237583694375837,0.028220262026202616,11.442086967591731,0.0007207453145115035,0.9991463638842285,0.0,4.014911533693248,0.0,0.0027464066363347165,False,9.0,6.0,9.0,207.5,191.0,84.5
feat_230,0.014145244662059665,0.014999849813998498,0.010011081108110812,2.000879641500938,0.157239091544176,0.8578071514297052,0.003604559358615589,4.047861390051817,0.0,0.00313223153470897,False,78.0,75.0,78.0,84.0,112.0,85.4
feat_219,0.017367249166554966,0.015765087661650877,0.010527732773277327,3.016520040272391,0.08245095029136694,0.8761983826889831,0.0,4.0322597389801,0.0,0.003599877085709106,False,57.0,68.0,57.0,207.5,40.0,85.9
feat_128,0.011329105746700397,0.016598313405983132,0.010953375337533752,1.2833943948464952,0.2572960240639077,0.8761983826889831,0.0060774001082668505,4.131783181502398,0.0,0.0032480405328591754,False,110.0,63.0,110.0,57.0,93.0,86.6
feat_99,0.015060573943712801,0.016907855533078556,0.011259325932593258,2.2682697243173755,0.1320788471153395,0.021862607873515606,0.0,4.13132626458919,0.0,0.003756766264129505,False,68.0,60.0,68.0,207.5,30.0,86.7
feat_228,0.014805246101586221,0.014481889884818898,0.009707850785078508,2.1919952057343868,0.13876101845306407,0.795653102140916,0.0020792011321510984,4.078186376933916,0.0,0.00312040137884678,False,72.0,80.0,72.0,103.0,116.0,88.6
feat_167,0.024447408285931563,0.030237905810379058,0.020254985498549854,5.979135952142057,0.014493225307190423,0.6627684633387947,0.0,4.0041169598488935,0.0,0.002779074678862266,False,19.0,14.0,19.0,207.5,187.0,89.3
feat_63,0.02415227256983112,0.021423343668728657,0.014458131762328477,5.835560108860327,0.015723220115838467,0.9300847111146623,0.0,210.6679545454545,0.002322409359227476,0.002857569779646061,False,21.0,29.0,21.0,207.5,169.0,89.5
feat_6,0.012859881944597246,0.01093180509731805,0.00728092809280928,1.6537083677696311,0.19848473406729117,0.523112627064098,0.0034416851194745135,4.00410629002536,0.0,0.0034514972639133256,False,95.0,119.0,95.0,86.0,55.0,90.0
feat_24,0.015087804989169454,0.0118351901143519,0.00796219621962196,2.27648153268224,0.1313811525792418,0.9371763337631336,0.012292174252563015,4.101926500617758,0.0,0.0027142765036624744,False,67.0,107.0,67.0,15.0,196.0,90.4
feat_82,0.013750514762348008,0.010250202642502025,0.006848484848484848,1.890745904896528,0.16914862644461956,0.9214032476437944,0.001623949637690636,4.0823699893304575,0.0,0.0035102947290912368,False,84.0,127.0,84.0,109.0,49.0,90.6
feat_112,0.02019462495401685,0.02143007767030078,0.01431139113911391,4.079076665361238,0.04344400353839827,0.9371763337631336,0.0,4.019645045281357,0.0007287618051822865,0.0029351070636664677,False,36.0,28.0,36.0,207.5,151.0,91.7
feat_8,0.012043114525305779,0.016269049782690496,0.010822602260226024,1.4502863460928699,0.22851051984728613,0.8761983826889831,0.003463044002743665,4.056682616103233,0.0,0.0031644659970942375,False,102.0,64.0,102.0,85.0,107.0,92.0
feat_201,0.008814557800023283,0.008997305273973053,0.005996439643964397,0.7768692592085007,0.3781215331154286,0.7078247560008846,0.012141854196338286,4.046248764497826,0.0,0.004036339659769555,False,143.0,142.0,143.0,17.0,17.0,92.4
feat_164,0.013771136095039665,0.018149296357492965,0.012093529352935293,1.8964222505627173,0.16851016096877675,0.7131415292339348,0.0,4.062322625222471,0.0,0.003470808999919574,False,83.0,48.0,83.0,207.5,52.0,94.7
feat_49,0.009416124761164105,0.012943096425430966,0.008698229822982297,0.8865353316086518,0.34644067923839594,0.9509678945242441,0.006646370817847469,4.104500272972075,0.0,0.003396424672175269,False,132.0,94.0,132.0,52.0,64.0,94.8
feat_15,0.020183262924103038,0.021366839265668392,0.014204420442044202,4.074486093799981,0.043562154565073126,0.5436205265653906,0.0,4.133908676729702,0.00016122638725880596,0.0028977932461232356,False,37.0,30.0,37.0,207.5,163.0,94.9
feat_59,0.017461387703674745,0.0089585600335856,0.005997719771977198,3.049320543277609,0.08080163908096577,0.590777614532576,0.008052267444437433,4.069161992150115,0.0,0.002790162087292069,False,55.0,143.0,55.0,38.0,184.0,95.0
feat_189,0.014436898222018163,0.01931029137710291,0.01282280228022802,2.084257864092731,0.14885586636893464,0.8787342021966116,0.0013481552115850448,4.102764919626488,0.0,0.002827052230024957,False,76.0,39.0,76.0,114.0,174.0,95.8
feat_184,0.020894669683792375,0.017908362779083628,0.011950795079507949,4.366905572674718,0.036668686260971306,0.16199177712587817,0.0,4.0178527143351594,0.0005953681025663754,0.002858782795410036,False,29.0,50.0,29.0,207.5,168.0,96.7
feat_152,0.012510692235314843,0.017664366476643666,0.011845624562456246,1.5651061336016276,0.21094842097944771,0.8142694344101107,0.0,4.059055191956978,0.0,0.003763569330309703,False,97.0,53.0,97.0,207.5,29.0,96.7
feat_55,0.017929380379439364,0.01666478194664782,0.01113087308730873,3.2150173906538715,0.07299563147495335,0.18054437147797106,0.0,4.2098073884631075,0.0,0.0030636390467713064,False,48.0,62.0,48.0,207.5,129.0,98.9
feat_140,0.014862642470213615,0.011698584404985845,0.007752135213521351,2.2090275857791273,0.13723666435306284,0.8761983826889831,0.002396942745646946,4.056276532921721,0.0,0.002917624684243087,False,71.0,108.0,71.0,97.0,155.0,100.4
feat_93,0.019242754611107395,0.014053147508531476,0.009498829882988297,3.7034668160666318,0.054327882812078745,0.5355365360484112,0.0,4.176488049413829,0.0,0.003035675990807613,False,40.0,83.0,40.0,207.5,132.0,100.5
feat_16,0.013260572454041138,0.012604364645663607,0.008585516756938487,1.758385331893409,0.18485633521516381,0.9552847092962586,0.013477363110663276,205.2612584358436,0.0,0.0025875328633261996,False,91.0,98.0,91.0,11.0,217.0,101.6
feat_134,0.014961693208804213,0.009309417657094176,0.006193339333933393,2.238576042530956,0.13463645185545361,0.9300847111146623,0.0,4.045629055836551,0.0,0.003820209131249715,False,70.0,134.0,70.0,207.5,27.0,101.7
feat_226,0.009877326397124027,0.009288854396888544,0.006247824782478247,0.975515817261006,0.32333229320412926,0.376672520216585,0.010417854734988907,4.076781871274661,0.0,0.003210607157786364,False,128.0,135.0,128.0,24.0,99.0,102.8
feat_224,0.014113129847831108,0.011156397807563978,0.007419261926192619,1.9918027082773235,0.15818363497610055,0.9300847111146623,0.005160835620334758,0.08192348106254724,0.0,0.0028006997464073945,False,79.0,117.0,79.0,65.0,180.0,104.0
feat_206,0.014098184554345672,0.02000897508808975,0.013318651865186517,1.9875856098145195,0.1586246599532624,0.9378756583393483,0.0,4.142674720778916,0.0,0.0030381110631410497,False,80.0,35.0,80.0,207.5,131.0,106.7
feat_163,0.01647011771923801,0.010290874278908742,0.006934813481348135,2.7128411455504513,0.09957498768956402,0.566832251594663,0.0,4.14796956943284,0.0,0.0033192701069800546,False,62.0,126.0,62.0,207.5,77.0,106.9
feat_240,0.01574957983217026,0.012114909205149092,0.008104530453045305,2.4806118643186803,0.11528904716407495,0.6144977569566121,0.0006847184552771779,4.114473784615977,0.0,0.0028392744036924793,False,66.0,105.0,66.0,129.0,172.0,107.6
feat_90,0.010835641938495092,0.013530782307307823,0.008977937793779377,1.1740143822828673,0.2786040546572605,0.5544701476849527,0.0,3.961760555771587,0.0,0.004212093750447224,False,113.0,91.0,113.0,207.5,14.0,107.7
feat_80,0.01459387268771923,0.014966817761668177,0.00998035803580358,2.1298388534780135,0.1444873588944875,0.6875304621025001,0.0,4.175920399125579,0.0,0.0031245191419427194,False,74.0,76.0,74.0,207.5,115.0,109.3
feat_108,0.017250846340019475,0.021027551946275518,0.01397995799579958,2.9762075057202817,0.08452795288866248,0.689607156599432,0.0,4.116039463238232,0.0,0.002733888775842493,False,58.0,31.0,58.0,207.5,195.0,109.9
feat_151,0.017202313617161277,0.017618736752187367,0.011740294029402938,2.9594798667241227,0.08540634415125012,0.9059427833042666,0.0,4.046234353119703,0.0,0.0028320145815762124,False,59.0,54.0,59.0,207.5,173.0,110.5
feat_256,0.007351481664736846,0.012004736592047366,0.008037683768376838,0.5403639416858922,0.4622991783066468,0.20440186150590006,0.008099268492297362,3.979746763742002,0.0,0.003166631533317293,False,156.0,106.0,156.0,36.0,106.0,112.0
feat_148,0.014167972636999903,0.012774414343744142,0.008573737373737374,2.007315954970027,0.15657321574192387,0.7078247560008846,0.0032667882266901316,4.157998083191489,0.0,0.002558143898441568,False,77.0,97.0,77.0,88.0,221.0,112.0
feat_11,0.018383102800931427,0.020994497153944972,0.013948834883488347,3.3798509906267804,0.06602766701490352,0.9378756583393483,0.0,4.064442088232776,0.0,0.002446484190413858,False,44.0,32.0,44.0,207.5,235.0,112.5
feat_27,0.0113559304499425,0.008569814161698143,0.005756335633563356,1.2894799371924601,0.25617103399668006,0.39489665665865215,0.0013409212291533024,4.117970466064362,0.0,0.0032751539168730946,False,109.0,147.0,109.0,115.0,87.0,113.4
feat_214,0.012955344732412857,0.017693237192932372,0.01179025902590259,1.678355586250314,0.19517300970658724,0.7128137793748605,0.0,3.9529683839263896,0.0,0.003074185433307257,False,94.0,52.0,94.0,207.5,126.0,114.7
feat_188,0.013393365253284691,0.015164170735641707,0.010137493749374938,1.7937853368322083,0.1804960820091264,0.9509678945242441,0.0,4.0179839442028555,0.0,0.0031310400199061443,False,89.0,74.0,89.0,207.5,114.0,114.7
feat_150,0.011110428524021079,0.014497209564972096,0.009677607760776077,1.234321703302952,0.266594929944637,0.31563879035254144,0.0,4.05976231317514,0.0,0.0033497693330838377,True,112.0,79.0,112.0,207.5,70.0,116.1
feat_170,0.01445373153550057,0.01901603237816032,0.012651985198519851,2.089122171547791,0.14838263391554884,0.5544701476849527,0.0,0.08344836920329356,0.0,0.002792125779177111,False,75.0,42.0,75.0,207.5,182.0,116.3
feat_176,0.009648303153467902,0.003303241269032413,0.0022317031703170316,0.9307980056618363,0.33467898424768827,0.9509678945242441,0.007229891573909519,3.981351185015112,0.0,0.0035973388757314373,False,130.0,238.0,130.0,44.0,41.0,116.6
feat_129,0.01891649000393611,0.018118772257187724,0.012069726972697268,3.5789009244826357,0.05854672701935568,0.9371763337631336,0.0,4.001615067943748,0.0,0.0024068656323306763,False,42.0,49.0,42.0,207.5,246.0,117.3
feat_102,0.012304572202547501,0.007726393433263935,0.005155435543554355,1.5139513819025572,0.21856607717139262,0.9530292132402461,0.013754787604006502,4.1852498480445055,0.0,0.0025744583803482424,False,101.0,157.0,101.0,10.0,219.0,117.6
feat_162,0.017622130828852944,0.011528833903288339,0.0076109210921092105,3.1057383249130424,0.07804740154498568,0.8807245401794234,0.0,4.097703362848268,0.0,0.002896242367801255,False,52.0,113.0,52.0,207.5,164.0,117.7
feat_153,0.010800066772385408,0.011667628016676281,0.00782042204220422,1.1663171809134023,0.28018530581123785,0.7218683814021819,0.0,4.0338644131222345,0.0,0.0035543884684316085,True,114.0,109.0,114.0,207.5,45.0,117.9
feat_254,0.009095662593407132,0.00529571801295718,0.0035369136913691365,0.8272137542606749,0.3631013647015272,2.792784172951457e-05,0.01501726833075434,4.065107154553858,0.0,0.003203294395480044,False,139.0,201.0,139.0,8.0,103.0,118.0
feat_267,0.015055262021209012,0.01846227416862274,0.012264946494649464,2.2666695888454758,0.13221527936784894,0.7853193285098388,0.0,4.044744578071414,0.0,0.0026951562987138572,False,69.0,46.0,69.0,207.5,201.0,118.5
feat_95,0.011165414318663702,0.008471259764177995,0.00576668935110728,1.2465708417154149,0.26423527147631914,0.31563879035254144,0.0,207.83338284828483,0.0,0.004033708562491342,False,111.0,148.0,111.0,207.5,18.0,119.1
feat_192,0.009616511099014105,0.014930120777301208,0.009907710771077107,0.9246734138906719,0.33627412603016804,0.9730347944706608,0.009152671298734205,4.005677192107418,0.0,0.0025250759389097285,False,131.0,77.0,131.0,29.0,228.0,119.2
feat_45,0.011812648453096415,0.011644660244446601,0.007762176217621762,1.3953022560494122,0.23753980961943044,0.9378756583393483,0.0,4.059954914186147,0.0,0.003333813680057375,False,105.0,110.0,105.0,207.5,74.0,120.3
feat_207,0.007766187082868523,0.006820357772203577,0.004634223422342234,0.6030523630338022,0.4374341464879318,0.39489665665865215,0.014578667736254047,4.067245215789899,0.0,0.003115238299655523,False,152.0,172.0,152.0,9.0,118.0,120.6
feat_169,0.010069595392009367,0.012210649442106494,0.008199259925992599,1.013867522958181,0.3140024476810975,0.6385619506313346,0.004529879092771694,4.114679908458159,0.0,0.002779123233137597,False,123.0,103.0,123.0,70.0,186.0,121.0
feat_178,0.017017471596988264,0.011172212235722125,0.0075013901390139,2.8962029308388826,0.08881956589949534,0.5355365360484112,0.0010443900902217251,4.048755262456578,0.0,0.0023960304648015327,False,61.0,116.0,61.0,123.0,248.0,121.8
feat_187,0.010422280821982715,0.005497874550978745,0.0036532853285328533,1.0861401082628923,0.2973532205889408,0.8761983826889831,0.0010073035878823688,4.054369652431255,0.0,0.0034457506307755876,False,118.0,196.0,118.0,125.0,56.0,122.6
feat_92,0.011380278022019574,0.01332383712123837,0.008914411441144113,1.2950159755904855,0.25515289290630633,0.9509678945242441,0.004352366654533313,3.991853830547984,0.0,0.0024818990571873543,False,108.0,92.0,108.0,74.0,232.0,122.8
feat_247,0.00937078915102129,0.012253833458538336,0.00818145814581458,0.8780183700266758,0.34876764019590356,0.8014909163209816,0.0,4.148520964491449,0.0,0.0036194877114830216,False,134.0,102.0,134.0,207.5,37.0,122.9
feat_223,0.01238596065537439,0.01139376910193769,0.007576357635763576,1.5340487310387945,0.21553489671536571,0.6875304621025001,0.0,3.9853688048211864,0.0,0.0032109767472956723,False,99.0,114.0,99.0,207.5,98.0,123.5
feat_17,0.008849030782829179,0.009117976843179769,0.0060671267126712666,0.7829581570722284,0.3762592332989054,0.9826305942431661,0.005763670533317722,4.137720346798886,0.0,0.0029544283034249877,True,141.0,138.0,141.0,59.0,148.0,125.4
feat_139,0.012461218082621274,0.01389270414692704,0.009284288428842885,1.552750111188875,0.21275910583636026,0.8142694344101107,0.002405247484171369,4.185265411427439,0.0,0.0022492844392683863,False,98.0,86.0,98.0,96.0,251.0,125.8
feat_222,0.013631326032711296,0.010420492496204926,0.006915691569156915,1.8581041279960486,0.17287446698233605,0.8115437416392821,0.0012862926705015099,4.102254743975025,0.0,0.0025548667817389195,False,86.0,124.0,86.0,119.0,223.0,127.6
feat_46,0.006990851482042222,0.008362834163628341,0.0056007200720072006,0.48864618154918943,0.48454809482491934,0.9053408816353515,0.007622491779846641,3.9062658864093707,0.0,0.003100258390055088,False,163.0,150.0,163.0,42.0,122.0,128.0
feat_97,0.007620734958629718,0.011567730991677311,0.00762132213221322,0.5806735848617964,0.4460663934767103,0.8761983826889831,0.003837535780491841,4.093075331642254,0.0,0.002982972515727808,False,153.0,112.0,153.0,82.0,143.0,128.6
feat_57,0.00872792268224858,0.014184269721842698,0.009451225122512251,0.7616720118147318,0.3828267358800119,5.2694950073880906e-59,0.0,4.08404893043997,0.0,0.003354027808098784,False,144.0,82.0,144.0,207.5,68.0,129.1
feat_175,0.017614238818856872,0.015241652984416529,0.01005072507250725,3.1029562964520383,0.07818081893992015,0.8218979581884099,0.0,4.0779558302327255,0.0,0.00208734598882643,False,53.0,72.0,53.0,207.5,262.0,129.5
feat_2,0.010745038705820324,0.009032439342324393,0.005943994399439943,1.1544609454597756,0.2826431904412758,0.8578592009109455,0.0003325103924609607,4.01309749346198,0.0,0.0030235513504254397,True,116.0,140.0,116.0,139.0,137.0,129.6
feat_229,0.008840778733801216,0.00980662890206629,0.0065371337133713365,0.7814984488884171,0.37670450952203327,0.47687742236049185,0.003880383376888119,4.051244162951091,0.0,0.00292097470611971,False,142.0,132.0,142.0,80.0,154.0,130.0
feat_62,0.011899845366607237,0.01363895498838955,0.009087428742874288,1.4159804966391063,0.23409438360251889,0.5703824463196894,0.0,4.024362198432098,0.0,0.002958075996866216,False,104.0,90.0,104.0,207.5,146.0,130.3
feat_101,0.0140890235035341,0.01700044308200443,0.01136157615761576,1.9850028558895156,0.15889545575062752,0.936518720407874,0.0,4.020686833955771,0.0,0.0024891964131954158,False,81.0,57.0,81.0,207.5,231.0,131.5
feat_115,0.0050688673419263894,0.007043462182434621,0.004677147714771477,0.2568893748338282,0.6122764728589998,0.9509678945242441,0.005288921134198432,4.08470060596773,0.0,0.0034711039280366177,False,190.0,163.0,190.0,64.0,51.0,131.6
feat_259,0.010797814441992067,0.011021961746219616,0.007382618261826183,1.1658307091063898,0.28028562258203654,0.39489665665865215,0.005289833300075486,0.08328400062618736,0.0,0.0021002559622368927,False,115.0,118.0,115.0,63.0,261.0,134.4
feat_121,0.006502331306292074,0.007908126811081268,0.005282168216821682,0.4227364369716508,0.5155897030813549,0.8115437416392821,0.0008441301138679691,4.031168963441196,0.0,0.003465463677921293,True,170.0,155.0,170.0,128.0,53.0,135.2
feat_266,0.009198283270887115,0.008319518627195186,0.005485708570857085,0.8459865120625609,0.35771240942987503,0.9509678945242441,0.0009235262291653612,4.016055062845285,0.0,0.0030869758397351916,True,137.0,151.0,137.0,127.0,125.0,135.4
feat_221,0.006467745567119461,0.0137905899779059,0.009212681268126813,0.4182511599152216,0.5178258198110128,0.39620750579050007,0.004949849371807424,3.962719751676128,0.0,0.002790345019374774,True,172.0,89.0,172.0,67.0,183.0,136.6
feat_20,0.010348031833678708,0.015328983165289831,0.010289148914891489,1.0707181191663082,0.3008083231558778,0.39489665665865215,0.0,4.055855849755622,0.0,0.0028750656297092687,False,119.0,71.0,119.0,207.5,167.0,136.7
feat_244,0.010000025549980252,0.009675898435591692,0.006521802113800308,0.9999051000015099,0.31735767213243915,0.8014909163209816,0.007125518271108078,208.5960295929593,0.0,0.0021852352230179294,False,124.0,133.0,124.0,47.0,256.0,136.8
feat_141,0.006849449171584643,0.0074351286743512875,0.00497985798579858,0.4690777163927744,0.49342764530028005,0.7181256736697792,0.0002505431683781367,4.152789936941903,0.0,0.003463296213994466,False,165.0,161.0,165.0,140.0,54.0,137.0
feat_225,0.0049216163118961315,0.012522079949220801,0.008374477447744774,0.24218049277125378,0.6226464697496803,0.8014909163209816,0.0010562566461453926,4.041344589369436,0.0,0.0032923757278073233,False,194.0,99.0,194.0,122.0,80.0,137.8
feat_159,0.007877021106601803,0.00982207687422077,0.006543574357435743,0.6203890137789313,0.4309214348720145,0.9300847111146623,0.0015994197665882837,4.092895986328372,0.0,0.002926639725370461,False,148.0,131.0,148.0,110.0,153.0,138.0
feat_29,0.01374626356653157,0.0067574520435745205,0.004497529752975298,1.8895767548554043,0.16928047472326796,0.8014909163209816,0.00035054098235853814,4.084354999931975,0.0,0.0026191685540442877,False,85.0,174.0,85.0,138.0,210.0,138.4
feat_271,0.010225680455044427,0.0034759576307595765,0.0022667066706670664,1.0455456056013452,0.3065599489620272,0.722846627657468,0.0,4.028241275184068,0.0,0.0042964406497544546,False,121.0,234.0,121.0,207.5,13.0,139.3
feat_235,0.01191134778319187,0.01030012188700122,0.006850005000500049,1.4187195879368844,0.23364254361063724,0.18503496992694043,0.0,4.106320943533363,0.0,0.0029148135562013793,False,103.0,125.0,103.0,207.5,159.0,139.5
feat_246,0.004850705540248269,0.005126944959269449,0.003455385538553855,0.235251919016862,0.627667287283294,0.9378756583393483,0.0071113266208451265,3.9494780530488893,0.0,0.003438880539392724,False,195.0,207.0,195.0,48.0,58.0,140.6
feat_174,0.0127821194663223,0.013816275018162748,0.009196959695969596,1.6337659442491617,0.20121262871279552,0.31563879035254144,0.0,4.037671932658005,0.0,0.00258379178848747,False,96.0,88.0,96.0,207.5,218.0,141.1
feat_168,0.006677762437848137,0.005876516758765168,0.003892189218921892,0.44585580857112944,0.5043249754775154,0.356381634041557,0.007225549873039583,3.8972534759266435,0.0,0.0030202342675824077,False,168.0,190.0,168.0,45.0,138.0,141.8
feat_243,0.0064889015312072276,0.012865059596650597,0.008663466346634662,0.4209919453516612,0.5164574002860435,0.5330412024080418,0.0,4.0787332424097364,0.0,0.0033953892595949054,False,171.0,95.0,171.0,207.5,65.0,141.9
feat_269,0.006909401938065556,0.009028405194284052,0.0060000400040004,0.4773256591954337,0.4896522263633185,0.31563879035254144,0.0,3.9857257507068553,0.0,0.0036581527584980903,False,164.0,141.0,164.0,207.5,34.0,142.1
feat_183,0.009346406582333064,0.008366034671660347,0.005519711971197119,0.8734547503065104,0.35002323098944843,0.9214032476437944,0.0,4.0771968485545775,0.0,0.0032763135462345913,False,135.0,149.0,135.0,207.5,86.0,142.5
feat_245,0.013200494354637042,0.016087714257942153,0.010796769266453742,1.7424856394049557,0.1868544087436471,0.9509678945242441,0.0,210.26371268126815,0.0,0.002178231975240302,False,92.0,66.0,92.0,207.5,257.0,142.9
feat_145,0.012321991357879643,0.006669992466699926,0.004443724372437244,1.5182415641446045,0.21791476724500738,0.9509678945242441,0.0,4.050974243960149,0.0,0.0030602656710706877,False,100.0,177.0,100.0,207.5,130.0,142.9
feat_238,0.00801549292653312,0.007035954478359545,0.004615181518151815,0.6423940449134027,0.4228642538129901,0.47687742236049185,0.00986030449497921,4.129864306033992,0.0,0.002427573141582724,False,147.0,164.0,147.0,26.0,237.0,144.2
feat_119,0.00974540138897461,0.01517949525179495,0.010148254825482548,0.9496287255706473,0.3298373963345438,0.9300847111146623,0.0,4.100109692793171,0.0,0.0027775971552873777,False,129.0,73.0,129.0,207.5,189.0,145.5
feat_64,0.013306182807387037,0.010666974598669747,0.007156275627562755,1.7705043758028225,0.18335001698406403,0.9378756583393483,0.0,3.9196744137082393,0.0,0.0025738764579643814,False,90.0,121.0,90.0,207.5,220.0,145.7
feat_270,0.006822598803793776,0.012520846973208469,0.008272467246724672,0.46540711236892873,0.49512353887208194,0.9730347944706608,0.007137214497358713,4.113915019553919,0.0,0.002242219342504351,False,166.0,100.0,166.0,46.0,252.0,146.0
feat_126,0.010112979390422763,0.006159548809595489,0.00409088908890889,1.0226235629240032,0.31192197197688926,0.31563879035254144,0.0040160292741395764,4.057476424244661,0.0,0.00250609886280441,False,122.0,187.0,122.0,79.0,230.0,148.0
feat_78,0.007000496394714215,0.007575917535759175,0.005101910191019102,0.4899954970092176,0.4839456000367123,0.6310987521904283,0.006001608019071902,0.0839068953884432,0.0,0.0026925817554988756,False,162.0,159.0,162.0,58.0,202.0,148.6
feat_73,0.008998137090516023,0.00983023590230236,0.0065773777377737775,0.8095683259454864,0.3682695762409124,0.6176035050105191,0.0,0.08293078625615219,0.0,0.00306941235125198,False,140.0,130.0,140.0,207.5,127.0,148.9
feat_160,0.006080565251586142,0.006118935157189352,0.004355515551555156,0.369672459241452,0.5431966706133207,0.8302104501507855,0.009440290879804358,4.150933622092788,0.0,0.0028156388014640202,True,177.0,188.0,177.0,27.0,176.0,149.0
feat_204,0.005105735230627057,0.010495821296958214,0.006986938693869386,0.26063997988989146,0.6096920919579183,0.795653102140916,0.0020790004924702288,4.098740638005105,0.0,0.0029499018449490604,True,187.0,123.0,187.0,104.0,149.0,150.0
feat_105,0.007441365966468431,0.00809377691154506,0.005488970927415502,0.5536591848978047,0.4568438825809039,0.6144977569566121,0.004393393712555316,208.88773676367637,0.0,0.0025526672157531326,False,155.0,153.0,155.0,73.0,225.0,152.2
feat_23,0.008309071932410286,0.006966538905665389,0.004673507350735073,0.6903163423341167,0.40607664215464034,0.9378756583393483,0.002086472531300565,4.1088620058309875,0.0,0.0026441181348329443,True,146.0,166.0,146.0,102.0,209.0,153.8
feat_1,0.009948861177252149,0.010679381626793816,0.007128312831283128,0.989698387751711,0.31984017834072354,0.9509678945242441,0.0,3.957727695048297,0.0,0.0027016683015091405,False,127.0,120.0,127.0,207.5,199.0,156.1
feat_116,0.00941134000410818,0.006835577840355778,0.004518331833183318,0.8856345036768384,0.34668580095576707,0.39489665665865215,0.0,0.08243450654911895,0.0,0.002992848586307466,False,133.0,171.0,133.0,207.5,142.0,157.3
feat_65,0.010713830152116402,0.013962302318829002,0.0093739420132637,1.14776374035931,0.2840436271451977,0.6875304621025001,0.0,207.37678167816782,0.0,0.0019945739869194306,False,117.0,84.0,117.0,207.5,264.0,157.9
feat_13,0.0009914589979214184,0.004418851856188519,0.0029102910291029104,0.009827953124493152,0.9210322499449444,0.47687742236049185,0.00808939215743365,4.114900732345757,0.0,0.003954099644388118,False,259.0,219.0,259.0,37.0,24.0,159.6
feat_31,0.0015375688033812391,0.0012419720644197207,0.0008393639363936394,0.023636505895146084,0.8778165180223793,0.5347059410357784,0.010654725562424083,4.042007634865093,0.0,0.004623292035046603,False,252.0,261.0,252.0,22.0,12.0,159.8
feat_252,0.0033969044552790706,0.006600983958009839,0.004421122112211221,0.11536785208820957,0.7341209017116668,0.6385619506313346,0.00102268063437716,4.069821744364657,0.0,0.0033681978038478445,False,214.0,182.0,214.0,124.0,67.0,160.2
feat_265,0.004117820830902301,0.0027881817878818178,0.001834223422342234,0.16953344574246168,0.6805356089119294,0.9730347944706608,0.0018966316778721293,4.032629490961977,0.0,0.003493113921517143,False,201.0,244.0,201.0,108.0,50.0,160.8
feat_89,0.003453873583466936,0.0052674509686745094,0.003483068306830683,0.11926999162092883,0.7298348604275997,0.9378756583393483,0.0013081939196393222,4.016693405373057,0.0,0.0034281934110225146,False,213.0,202.0,213.0,117.0,59.0,160.8
feat_86,0.006227930487858257,0.0014723570427235702,0.0009705370537053705,0.3878086493595268,0.5334677266694057,0.14805626702852312,0.0013848654783634728,3.981134350584723,0.0,0.0032801271177636043,True,175.0,258.0,175.0,113.0,84.0,161.0
feat_217,0.011666807794030372,0.009166659871666599,0.006161416141614161,1.3610570716925645,0.24338219180617907,0.6116016854736187,0.0,0.08205577335189405,0.0,0.002323709995536005,False,106.0,137.0,106.0,207.5,250.0,161.3
feat_135,0.009954232065130393,0.007725448097254481,0.005137353735373537,0.9907673584963834,0.319578986748289,0.14805626702852312,0.0,4.1035356901761455,0.0,0.0027409959998553756,False,126.0,158.0,126.0,207.5,193.0,162.1
feat_210,0.0024618996583438543,0.006866223848662239,0.004573737373737373,0.06059774465757616,0.8055587163654853,0.0007054424562941603,0.010176239951124266,3.9606506683675606,0.0,0.0029306479917242554,False,233.0,169.0,233.0,25.0,152.0,162.4
feat_12,0.005022353635785112,0.005319368729193688,0.0034479847984798476,0.2521962737646538,0.6155439012900268,0.590777614532576,0.006558093064763959,4.032424941237699,0.0,0.0028126712059605313,False,191.0,199.0,191.0,53.0,178.0,162.4
feat_248,0.005746297183363389,0.00869562187495622,0.0056940894089408944,0.33014417467063184,0.5655871328107946,0.9354221450550926,0.0,3.9936078803651682,0.0,0.003137854928813143,False,180.0,146.0,180.0,207.5,110.0,164.7
feat_131,0.0037310968371356834,0.00556329804763298,0.0037602160216021596,0.1391849315186913,0.7091005578926712,0.6980279782893833,0.0,4.018293941719687,0.0,0.004172726225403882,False,206.0,194.0,206.0,207.5,15.0,165.7
feat_233,0.01030278581040684,0.005702885637028857,0.003763856385638564,1.0613743218801652,0.3029268646176873,0.759307693891896,0.0,3.9588845798406624,0.0,0.0027370213855487466,False,120.0,191.0,120.0,207.5,194.0,166.5
feat_120,0.007277729274635524,0.0027151599991516004,0.0018381838183818382,0.5295755524130656,0.466802401813319,0.39489665665865215,0.0010026616208538286,4.086714616913865,0.0,0.002969892210400816,False,159.0,245.0,159.0,126.0,145.0,166.8
feat_107,0.005079792402680253,0.006792954091929541,0.004501890189018902,0.25799795741590154,0.611510138321836,0.5436205265653906,0.0,4.027323342292472,0.0,0.0032912527598344754,False,188.0,173.0,188.0,207.5,81.0,167.5
feat_142,0.005399890884824164,0.005243761084437611,0.0034776277627762775,0.29153839895310374,0.5892483962232031,0.3707878001924374,0.001321227155912652,0.08299324230228741,0.0,0.0029170055144686134,False,183.0,204.0,183.0,116.0,158.0,168.8
feat_138,0.007787285344286274,0.004631150182311502,0.0030056605660566055,0.6063336158770612,0.43619004597434385,0.031249961194190483,0.0,4.006251772017724,0.0,0.003087333258910117,True,151.0,212.0,151.0,207.5,124.0,169.1
feat_91,0.006294208203613447,0.00046634867266348676,0.00033935393539353935,0.39610702758518207,0.5291210100065936,0.5330131933082721,0.0,4.014047177352026,0.0,0.003992474178395118,False,174.0,271.0,174.0,207.5,20.0,169.3
feat_39,0.007278396786313144,0.0011151404271514042,0.0007958795879587958,0.5296727071138968,0.4667615356115866,0.6627684633387947,0.0,4.050916497909718,0.0,0.0034155980689273406,False,158.0,263.0,158.0,207.5,62.0,169.7
feat_193,0.0091301135791523,0.011178269042816049,0.007568388489211321,0.8334925008139303,0.3612865900988701,0.9378756583393483,0.0,208.34829686968698,0.0,0.002239274618932552,False,138.0,115.0,138.0,207.5,253.0,170.3
feat_220,0.00478528017969396,0.008086110128861103,0.005417901790179018,0.2289485088393961,0.6323150544877911,0.8761983826889831,0.0,3.9738685940532146,0.0,0.0032099141817191015,True,196.0,154.0,196.0,207.5,100.0,170.7
feat_25,0.00870771201708691,0.010222741902227418,0.006864966496649664,0.7581483232549722,0.3839295275103768,0.9378756583393483,0.0,4.010200773465547,0.0,0.0025249392511166174,False,145.0,128.0,145.0,207.5,229.0,170.9
feat_182,0.004086358018803765,0.006901435881014358,0.004559255925592559,0.16695260976311724,0.682843194400858,0.8761983826889831,0.0,4.128684592345572,0.0,0.0033087538647637305,False,202.0,168.0,202.0,207.5,78.0,171.5
feat_88,0.007026149515924362,0.006852275804522758,0.0045730173017301725,0.49359340376270716,0.482345089792114,5.875111874994223e-13,0.0,4.156656582873825,0.0,0.0029094495198024335,False,161.0,170.0,161.0,207.5,160.0,171.9
feat_52,0.0028069930509195796,0.012841673456416734,0.00859113911391139,0.07877696215935938,0.7789675336124782,0.7856547499421406,0.0,4.120482211114156,0.0,0.0031329940745902294,False,223.0,96.0,223.0,207.5,111.0,172.1
feat_0,0.006686814647327644,0.010096269807382782,0.006759859690979949,0.44706546415413123,0.5037472596555091,0.9378756583393483,0.00045187818687963954,209.60602731273127,0.0,0.0019437229194564593,False,167.0,129.0,167.0,134.0,265.0,172.4
feat_100,0.002113493580055545,0.003038046282380463,0.002010681068106811,0.04465981690806558,0.8326351011409235,0.6627684633387947,0.0072426309823434565,4.064786941764267,0.0,0.0031406107075557083,False,237.0,240.0,237.0,43.0,109.0,173.2
feat_195,0.006021189120650415,0.01242627901626279,0.008215141514151415,0.36248781672326286,0.5471414546935554,0.9530292132402461,0.0,3.99725894816479,0.0,0.00267061253923496,False,178.0,101.0,178.0,207.5,206.0,174.1
feat_35,0.007823222185917576,0.010634280202342802,0.007102750275027502,0.6119431007260809,0.43407566102846906,0.25794829975676575,0.0,4.034140753736016,0.0,0.0024112311817401037,False,150.0,122.0,150.0,207.5,245.0,174.9
feat_191,0.0007220649011319145,0.0061700554217005545,0.004114651465146515,0.005212737176828547,0.942444756027737,0.922852435997199,0.0014921431072592028,4.085802943394389,0.0,0.003441794407406912,False,263.0,186.0,263.0,111.0,57.0,176.0
feat_54,0.003782173938532099,0.008737299939373,0.005787658765876587,0.14302183323811024,0.7053032207496515,0.0011309876807571023,0.0,4.091489272342552,0.0,0.003108649547592725,False,204.0,145.0,204.0,207.5,120.0,176.1
feat_40,0.0041931800845636195,0.008754932907549329,0.005781218121812181,0.17579551766762627,0.675020694244538,0.8761983826889831,0.0,4.075295320757297,0.0,0.003030729971627957,False,200.0,144.0,200.0,207.5,133.0,176.9
feat_236,0.003343251449494211,0.0050367177983671775,0.0033540554055405537,0.11175219697615416,0.738165047032449,0.3792331786902989,0.0026182888904999757,4.070818055007679,0.0,0.002917534585052695,False,215.0,208.0,215.0,94.0,156.0,177.6
feat_28,0.007310569391336089,0.004497052268970523,0.0029994999499949994,0.5343659182848998,0.464794228659827,0.5544701476849527,0.0,4.031968829196847,0.0,0.0029400509322249297,False,157.0,217.0,157.0,207.5,150.0,177.7
feat_4,0.005147264510851759,0.0025946672488819217,0.00168173023013564,0.2648973490611588,0.6067867747823128,0.9509678945242441,0.008626705097022125,205.24324768476848,0.0,0.0024270930572519054,False,186.0,248.0,186.0,33.0,238.0,178.2
feat_216,0.00926481355857082,0.0040782526346483895,0.0027557909744801725,0.8582697003093078,0.35424571881452727,0.9925281155814449,0.0,208.85984374437444,0.0,0.002757941827368935,False,136.0,222.0,136.0,207.5,190.0,178.3
feat_272,0.001689254650369544,0.002142036177420362,0.0013587358735873587,0.028530186988610238,0.865871784240072,0.5436205265653906,0.0040754237682270045,4.028043203821969,0.0,0.0033376404591273293,False,247.0,251.0,247.0,77.0,72.0,178.8
feat_257,0.00711387539644911,0.008260970770609707,0.00551967196719672,0.5059966241998048,0.4768936364594448,0.9378756583393483,0.0,4.054402680037677,0.0,0.0026056365418691834,False,160.0,152.0,160.0,207.5,215.0,178.9
feat_77,0.005276778727010794,0.0026521249423543426,0.0017806431244763213,0.27839600031872674,0.5977661757687327,0.6498251417400528,0.011240347081606927,209.8515210621062,0.0,0.002177555064818409,False,185.0,247.0,185.0,20.0,258.0,179.0
feat_161,0.006391973561510644,0.006955523229555232,0.0046726272627262725,0.4085082360126678,0.5227422809253617,0.5436205265653906,0.0004281016634788415,4.020827554134801,0.0,0.0021567312656443033,False,173.0,167.0,173.0,135.0,260.0,181.6
feat_124,5.255591979104295e-05,0.0035953698719536986,0.0023733573357335733,2.7615722877689035e-05,0.9958071878449692,0.700785010734625,0.0026545346299942096,4.036680165282852,0.0,0.003592292833340501,False,272.0,232.0,272.0,93.0,43.0,182.4
feat_155,0.009960826082848755,0.0059363477255171245,0.004011468675129078,0.992080558719753,0.31925850399656897,0.5436205265653906,0.0,208.75290888088813,0.0,0.001881630502223063,True,125.0,189.0,125.0,207.5,266.0,182.5
feat_242,0.007574509333426203,0.006560807969608079,0.004337873787378738,0.5736500821744241,0.44882995505385004,0.20440186150590006,0.0,4.142038030381685,0.0,0.002606998414170079,False,154.0,184.0,154.0,207.5,214.0,182.7
feat_158,0.005676989585213256,0.005462884624854176,0.0036821170230897666,0.3222280359177616,0.5702844896117609,0.8301726191482762,0.0029468735417204073,206.21315635563556,0.0,0.0018693315985880777,False,181.0,197.0,181.0,91.0,267.0,183.4
feat_113,0.003554785107297712,0.002920435865204359,0.0019742374237423743,0.12634129510775563,0.7222635851879429,0.6875304621025001,0.0005379355620886983,4.005555549339628,0.0,0.0031063993476488846,False,212.0,241.0,212.0,132.0,121.0,183.6
feat_156,0.000446188890668408,0.003342915633429156,0.002216501650165016,0.0019904474887739573,0.9644155305102542,4.848190948027193e-11,0.008784858402589357,4.081192876651322,0.0,0.003115846600876634,False,267.0,237.0,267.0,31.0,117.0,183.8
feat_250,0.002449969243482978,0.0005681898536818986,0.00029798979897989794,0.060011848453612925,0.8064822421076748,0.6498251417400528,0.0033952284216924866,4.025659219569395,0.0,0.003224512875712862,False,234.0,269.0,234.0,87.0,97.0,184.2
feat_133,0.0037488684701625363,0.0066020600460206,0.004376477647764776,0.14051401482222065,0.7077784966093701,0.39489665665865215,0.0023359890139769135,4.100019609326139,0.0,0.0024266518571246913,False,205.0,181.0,205.0,98.0,239.0,185.6
feat_232,0.0018009628590861147,0.0013351427893514279,0.000875047504750475,0.03242829044373394,0.8570945378322672,0.8249054490903107,0.004019655830697744,4.0174536428459415,0.0,0.003188897887953209,True,244.0,260.0,244.0,78.0,104.0,186.0
feat_51,0.0029233680031221522,0.0013412341334123412,0.0008820082008200819,0.08544444287090588,0.7700565855598147,6.943024450559824e-55,0.0,4.097121469914127,0.0,0.003862726716475325,False,222.0,259.0,222.0,207.5,25.0,187.1
feat_205,0.00031595229026779557,0.006565588817655888,0.004409640964096409,0.0009980589451872152,0.9747979973148616,0.6875304621025001,0.013470860715851352,4.033155700617543,0.0,0.0026865472056597844,False,268.0,183.0,268.0,12.0,205.0,187.2
feat_67,0.0025015531383540505,0.007875710634757106,0.005222682268226822,0.06256555702462892,0.8024911208638175,0.590777614532576,0.0025417150562487834,4.085044836497835,0.0,0.00254776787020145,False,230.0,156.0,230.0,95.0,226.0,187.4
feat_47,0.0005337939217766374,0.005316416825164168,0.0035625962596259626,0.002848790449077512,0.9574349379805208,0.9633369462826057,0.002124824852109519,4.031952967440168,0.0,0.003187490305758101,True,266.0,200.0,266.0,101.0,105.0,187.6
feat_180,0.003940589471147304,0.0004984671169846711,0.00031299129912991294,0.15525380812963874,0.6935727581391391,0.7078247560008846,0.002286561283884936,4.05255410153237,0.0,0.0028758043691299853,False,203.0,270.0,203.0,100.0,166.0,188.4
feat_202,0.003259856185069156,0.006980954217809542,0.004608500850085008,0.1062464991943136,0.7444654128624943,0.5442803655424743,0.0,4.157804523188,0.0,0.003006539636206254,False,216.0,165.0,216.0,207.5,140.0,188.9
feat_132,0.0035877847024310115,0.0039474758434747586,0.0025576157615761572,0.12869790293686484,0.7197935110665914,0.39489665665865215,0.005348484263598685,4.113858597858029,0.0,0.0024183796847349914,False,210.0,224.0,210.0,62.0,241.0,189.4
feat_166,0.002051199140081346,0.006756387091563871,0.004535253525352535,0.04206594127587445,0.8374983026232635,0.6875304621025001,0.0,3.9361500602310318,0.0,0.0032689118019673864,False,239.0,175.0,239.0,207.5,88.0,189.7
feat_60,0.004955928765486965,0.005520453307204533,0.0036948894889488946,0.24556920830774323,0.6202232516248454,0.9509678945242441,0.0,4.158889634111924,0.0,0.0029012186276902927,False,193.0,195.0,193.0,207.5,162.0,190.1
feat_34,0.001980035762622175,0.0029197986771979873,0.001948954895489549,0.039197728805712644,0.8430614796686025,0.8578592009109455,0.010867822887281164,4.107331653612618,0.0,0.002659047169432678,False,241.0,242.0,241.0,21.0,208.0,190.6
feat_255,0.004221210656923337,0.0005820497818204978,0.0004087208720872087,0.17815373131594256,0.6729737947463679,0.14991941180669124,0.0,4.113795756359961,0.0,0.0032896713554649735,False,199.0,267.0,199.0,207.5,82.0,190.9
feat_198,0.00251939807462022,0.005451958338519583,0.0036288028802880287,0.06346137466329656,0.8011116247922572,0.14519833371032062,0.0,4.051896612090104,0.0,0.003242795829843838,False,229.0,198.0,229.0,207.5,94.0,191.5
feat_143,0.00013326853230348287,0.004835804592358046,0.0030902290229022898,0.00017756949917355515,0.9893683533717575,0.9730347944706608,0.012330761402451706,4.012884826838033,0.0,0.0027412505166603766,True,271.0,210.0,271.0,14.0,192.0,191.6
feat_197,0.006201179417522634,0.006641222370412224,0.00442056205620562,0.3844841376245066,0.5352272499140596,0.31563879035254144,0.0,3.872482699503888,0.0,0.0025528811943584307,False,176.0,179.0,176.0,207.5,224.0,192.5
feat_75,0.0024836426129677836,0.005596125319961254,0.0037358135813581354,0.061672849756017105,0.8038763063746406,0.9925281155814449,0.0,4.183590296669784,0.0,0.003209323996583749,False,231.0,192.0,231.0,207.5,101.0,192.5
feat_213,0.002057761385899608,0.0019612586476125864,0.001286888688868887,0.042335529713953636,0.8369857052738059,0.8437769051203344,0.0044316259213408316,3.9988925112655607,0.0,0.002902498182254689,False,238.0,254.0,238.0,72.0,161.0,192.6
feat_196,0.001380783035150831,0.0007061533750615338,0.00043328332833283327,0.019061841120600675,0.8901921222573728,0.31563879035254144,0.012199337421948009,4.181584359871051,0.0,0.0027972954311695337,False,255.0,266.0,255.0,16.0,181.0,194.6
feat_19,0.005653126205201655,0.0052659187246591865,0.0035396739673967397,0.31952465456406853,0.5719061339406303,0.6385619506313346,0.0,4.15539210527472,0.0,0.0026951787504473396,False,182.0,203.0,182.0,207.5,200.0,194.9
feat_33,0.003564239682054605,0.002560914409609144,0.00169020902090209,0.1270142510665115,0.7215555974276483,0.9509678945242441,0.0,0.08405076913810076,0.0,0.0032304403333339557,False,211.0,249.0,211.0,207.5,96.0,194.9
feat_264,0.0017041213531666507,0.0038777746587777464,0.0026262626262626263,0.029034572121269052,0.8647026839892024,0.39489665665865215,0.0013075697488194038,4.065194380172283,0.0,0.0029772474835339305,True,245.0,226.0,245.0,118.0,144.0,195.6
feat_234,0.0015497025093928118,0.0010585025230736376,0.0007824320237818337,0.024011033184817124,0.8768599693666257,0.6875304621025001,0.0,211.82883559355932,0.0,0.007467664369408734,False,251.0,264.0,251.0,207.5,8.0,196.3
feat_122,0.007843754932174384,0.0032560112365601127,0.0022368236823682368,0.6151597127657026,0.4328702566875533,0.39489665665865215,0.0,4.138565915781675,0.0,0.0024147358828173968,False,149.0,239.0,149.0,207.5,243.0,197.5
feat_3,0.0013837674673331001,0.0036345906963459068,0.0025106510651065105,0.019144331069489887,0.8899562916696407,0.31563879035254144,0.0,3.8827342624599015,0.0,0.00355346480620932,False,254.0,231.0,254.0,207.5,46.0,198.5
feat_127,0.00254190837079714,0.007333056150792651,0.004878995367892101,0.0646004764618896,0.799372359405853,0.9966699648357558,0.00194487697487844,208.77628361836184,0.0,0.0017175276985094126,False,228.0,162.0,228.0,107.0,268.0,198.6
feat_212,0.006523979144338589,0.0066055600018335705,0.004408674319765354,0.42555602679481175,0.5141926313746215,0.8761983826889831,0.0,210.0509422842284,0.0,0.0016649779640410913,False,169.0,180.0,169.0,207.5,269.0,198.9
feat_261,0.0027604815184084012,0.002076817448768175,0.001371137113711371,0.07618792218994903,0.7825371830116917,0.590777614532576,0.001111217041764867,0.08314137485853941,0.0,0.0028153037630602833,True,224.0,253.0,224.0,121.0,177.0,199.8
feat_36,0.0009037424911362572,0.002133179133331791,0.001436983698369837,0.008165878071355768,0.9279987818246418,0.39750395886167583,0.0051266837340815385,3.9311136022497797,0.0,0.0028799764328037427,False,260.0,252.0,260.0,66.0,165.0,200.6
feat_227,0.004440328216053835,0.007435993526359936,0.004987818781878188,0.19712960034216181,0.6570574032756219,0.9371763337631336,0.0,4.051555790711869,0.0,0.00241854369353845,False,198.0,160.0,198.0,207.5,240.0,200.7
feat_263,0.0013098748598548873,0.005575261915752619,0.003698249824982498,0.017154319373405356,0.8957981156770777,0.5721984129020122,0.0,4.072146755081117,0.0,0.0032497219670354714,False,256.0,193.0,256.0,207.5,92.0,200.9
feat_154,0.0059297252216717064,0.006729210920175265,0.0045052021391451934,0.35155845013495735,0.5532456630642486,0.8115437416392821,0.0,206.60247223722374,0.0,0.002014280667397243,False,179.0,176.0,179.0,207.5,263.0,200.9
feat_147,0.00023039310416331395,0.005146804647468047,0.003401020102010201,0.0005307036906654066,0.9816212132124181,0.5347059410357784,0.00268453699716531,4.071982544710002,0.0,0.002854773060546387,False,270.0,206.0,270.0,92.0,170.0,201.6
feat_200,0.003598021596181709,0.009251392268513922,0.006194379437943794,0.1294333781604619,0.7190278553258257,0.7856547499421406,0.0,3.992917789499778,0.0,0.0023685185790553107,False,209.0,136.0,209.0,207.5,249.0,202.1
feat_104,0.0021851564847321057,0.0015683009666193663,0.0011002525102987088,0.047739766762983436,0.8270484449004418,0.590777614532576,0.006936880235536513,207.1229890589059,0.0,0.002444130683024575,False,236.0,257.0,236.0,49.0,236.0,202.8
feat_253,0.0029420481596628936,0.009059066610590666,0.005987598759875987,0.08653991150196857,0.7686290160527888,1.4010086538631742e-38,0.0,3.9897938994890905,0.0,0.0025474179653883666,True,221.0,139.0,221.0,207.5,227.0,203.1
feat_71,0.0044923003892926045,0.004579675977796759,0.0031093509350935094,0.20177133825032165,0.6533045922423599,0.39518528734392,0.0,4.064348242943197,0.0,0.002691950794688313,False,197.0,215.0,197.0,207.5,203.0,203.9
feat_251,1.0700079159941784e-05,0.0033460542574605423,0.0022365836583658366,1.1446879570346812e-06,0.9991463638842285,0.7131415292339348,0.0077383679561560115,4.0209035968117774,0.0,0.002704583234951924,False,273.0,236.0,273.0,41.0,198.0,204.2
feat_239,0.0036120902293362385,0.004630221286302213,0.003097429742974297,0.13044756583194989,0.7179760693811039,0.8218979581884099,0.0,4.147950041385305,0.0,0.0027790010469624657,False,208.0,213.0,208.0,207.5,188.0,204.9
feat_42,0.0015934089386180515,0.0038009006180090062,0.0025073307330733072,0.02538450700263372,0.8734159164099482,0.20440186150590006,0.0,4.196299306918741,0.0,0.003258238107985689,False,250.0,228.0,250.0,207.5,90.0,205.1
feat_96,0.001890977986063775,0.004859543292595433,0.003217441744174417,0.0357509536804697,0.8500345610315516,0.8378118139968166,0.0,4.012697160254778,0.0,0.003098352337574593,False,243.0,209.0,243.0,207.5,123.0,205.1
feat_185,0.0011699239450892053,0.004540005609400056,0.0029930993099309927,0.013684501659135822,0.9068776380755665,0.39489665665865215,0.0,4.010577828134337,0.0,0.0032636722915635446,False,257.0,216.0,257.0,207.5,89.0,205.3
feat_125,0.0016875160279810684,0.001644661492446615,0.001138073807380738,0.02847148910479479,0.8660085267048092,0.9371763337631336,0.00042278002059337183,4.0642111686821565,0.0,0.0030063726508163086,True,248.0,256.0,248.0,136.0,141.0,205.8
feat_211,0.002481359407467408,0.0038450834304508343,0.0025964196419641966,0.061559509832049886,0.8040529319959213,0.5355365360484112,0.00198822862005521,4.040978289922554,0.0,0.002472765891722654,False,232.0,227.0,232.0,106.0,233.0,206.0
feat_241,0.005282156032807647,0.004427784200277843,0.0029355335533553357,0.2789637046189549,0.5973929695228384,0.9509678945242441,0.0,4.203891007596272,0.0,0.002411933473411698,False,184.0,218.0,184.0,207.5,244.0,207.5
feat_179,0.0008389447041266575,0.004612593514125935,0.0030425442544254424,0.0070368794621426005,0.9331486626501383,0.9300847111146623,0.0,4.0354654689025296,0.0,0.003231959679641451,False,261.0,214.0,261.0,207.5,95.0,207.7
feat_260,0.0018926738415631931,0.004656045586560456,0.0032262026202620263,0.03581510657422118,0.8499016668413993,0.7856547499421406,0.0,3.9378385048000646,0.0,0.003017365564748096,False,242.0,211.0,242.0,207.5,139.0,208.3
feat_209,0.0032186019146195895,0.006665499762654997,0.004431403140314032,0.10357433701916892,0.7475884632853432,0.9300847111146623,0.0,4.0718473419760635,0.0,0.002452478405168358,False,217.0,178.0,217.0,207.5,234.0,210.7
feat_190,0.00270470286657819,0.006331309107313091,0.004191819181918191,0.07314008017980107,0.786824100956472,0.5261355283012012,0.0,4.253118245244211,0.0,0.0026141739373060605,False,225.0,185.0,225.0,207.5,211.0,210.7
feat_111,0.004956886525866972,0.0024571608605716087,0.0016314431443144315,0.24566413500081838,0.6201556715019936,0.22534958665098606,0.0,4.076015696126011,0.0,0.002609864594695678,True,192.0,250.0,192.0,207.5,213.0,210.9
feat_249,0.0036424284411096484,0.003891546494915465,0.002576137613761376,0.1326480747959533,0.7157097727292441,0.8014909163209816,0.0,4.155476391778043,0.0,0.0026130364946715646,False,207.0,225.0,207.0,207.5,212.0,211.7
feat_43,0.0030257891998194254,0.004308326563083266,0.0028091609160916086,0.09153653007044771,0.7622390828431598,0.5250821622362691,0.0,4.104477880506489,0.0,0.0026876615791997737,False,220.0,221.0,220.0,207.5,204.0,214.5
feat_9,0.0007411400791390951,0.003962239683622397,0.00269038903890389,0.005491790608407196,0.9409270330703264,0.39489665665865215,0.0,4.034655779119562,0.0,0.003067342876546231,False,262.0,223.0,262.0,207.5,128.0,216.5
feat_114,0.0006959748836150272,0.005178961071789611,0.0035217121712171214,0.004842843969933749,0.9445209543396524,0.31563879035254144,0.0,3.9180883257915218,0.0,0.0029571516025714032,False,265.0,205.0,265.0,207.5,147.0,217.9
feat_94,0.001980209975624015,0.0003208433072084331,0.00017305730573057305,0.03920462674293338,0.8430478509325829,0.9860877896228442,2.8265315586750717e-05,4.021998189485096,0.0,0.00270460829605149,False,240.0,272.0,240.0,141.0,197.0,218.0
feat_21,0.005075057353727697,0.00269367203093672,0.0018319831983198318,0.2575171916881009,0.6118422245167883,0.523112627064098,0.0,4.131010680067351,0.0,0.0021690732900550786,False,189.0,246.0,189.0,207.5,259.0,218.1
feat_165,0.00318656216210726,0.0005764960497649604,0.00042276227622762273,0.10152250665055625,0.7500168160317273,0.9300847111146623,0.0,4.028594487410878,0.0,0.0027858617825055596,False,218.0,268.0,218.0,207.5,185.0,219.3
feat_41,0.0002681595799899337,0.003688897128888971,0.0024720072007200717,0.0007189518359826353,0.9786091984538213,0.5536565212190057,0.0,4.011501882774626,0.0,0.0030240238616113502,False,269.0,230.0,269.0,207.5,136.0,222.3
feat_87,0.0014057243523311958,0.0012008906760089067,0.0008212021202120212,0.01975669646589724,0.8882215536561799,0.31563879035254144,0.000471328044027608,4.053448900510639,0.0,0.0025926526189947816,False,253.0,262.0,253.0,133.0,216.0,223.4
feat_109,0.003163045127873725,0.0028854104328541047,0.00198011801180118,0.1000295358816456,0.7518007952165797,0.9300847111146623,0.0,3.97690793405838,0.0,0.00222192878000398,False,219.0,243.0,219.0,207.5,254.0,228.5
feat_157,0.0010394643339525014,0.003398370910066615,0.002774896963236801,0.010802711715571145,0.9172221477656894,0.700785010734625,0.0011557030747759711,0.249956105610561,0.0,0.00015366398311131976,False,258.0,235.0,258.0,120.0,273.0,228.8
feat_106,0.0025573732242912864,0.0007552101675521016,0.0005377337733773376,0.06538892542149581,0.7981780382750729,0.8761983826889831,0.0,4.041414525679116,0.0,0.00255767251961164,False,227.0,265.0,227.0,207.5,222.0,229.7
feat_68,0.0026460768267760194,0.004384560871845609,0.002803040304030403,0.07000371243343853,0.7913368287666189,0.8142694344101107,0.0,4.074804179521163,0.0,0.0016490635098918129,False,226.0,220.0,226.0,207.5,270.0,229.9
feat_37,0.001667417566285468,0.0002656327533913974,0.00021689907906714335,0.027797330125289,0.8675895586886654,0.9509678945242441,0.0014169747994268178,0.2500147614761476,0.0,0.00024882233871326896,False,249.0,273.0,249.0,112.0,272.0,231.0
feat_7,0.0024390353680598035,0.0037510952416652038,0.003062909573547625,0.05947739130407837,0.8073288634056661,0.39518528734392,0.0,0.2499936393639364,0.0,0.00026188914936274934,False,235.0,229.0,235.0,207.5,271.0,235.5
feat_10,0.001702798719233323,0.0035350199513501995,0.002379077907790779,0.028989519791063418,0.8648066824251679,0.43845115547179,0.0,4.115942625850092,0.0,0.00218800986409763,False,246.0,233.0,246.0,207.5,255.0,237.5
feat_74,0.0007212887215732244,0.0018852104588521045,0.0012466846684668466,0.005201536389985737,0.9425065174740146,0.7078247560008846,0.0,4.1192492454180645,0.0,0.002418090407582608,False,264.0,255.0,264.0,207.5,242.0,246.5
